<?xml version="1.0" encoding="utf-8"?>
<!--/527089/234694/2.49/6/2/Diode ESD (Uni-directional)/-->
<quadcept_library>
  <setting unit="mil" />
  <textstyle name="Default" height="47.244094488189" strokewidth="7.8740157480315" charwidth="47.244094488189" />
  <textstyle name="Dimension" height="19.6850393700787" strokewidth="0" charwidth="19.6850393700787" />
  <textstyle name="H127W0635TH00762" height="50" strokewidth="3" charwidth="25" />
  <textstyle name="H15W15TH02" height="59.0551181102362" strokewidth="7.8740157480315" charwidth="59.0551181102362" />
  <padstyle name="r47.5_30" surface="True" plated="False" isvia="False" nopaste="False" nomask="True" complex="False" holesize="0">
    <padshape layer="TOP" shape="rectangle" width="11.811023622047" height="18.700787401575" />
    <padshape layer="TOP_SOLDER_MASK" shape="rectangle" width="19.685039370078" height="26.574803149606" />
    <padshape layer="TOP_SOLDER_PASTE" shape="rectangle" width="11.811023622047" height="18.700787401575" />
  </padstyle>
  <footprint name="SOTFL50P160X60-6N" originx="0" originy="0" pickpointx="0" pickpointy="0">
    <pcbpin number="1" name="1" style="r47.5_30" originx="-32.992125984252" originy="19.685039370078" rotation="90" />
    <pcbpin number="2" name="2" style="r47.5_30" originx="-32.992125984252" originy="0" rotation="90" />
    <pcbpin number="3" name="3" style="r47.5_30" originx="-32.992125984252" originy="-19.685039370078" rotation="90" />
    <pcbpin number="4" name="4" style="r47.5_30" originx="32.992125984252" originy="-19.685039370078" rotation="90" />
    <pcbpin number="5" name="5" style="r47.5_30" originx="32.992125984252" originy="0" rotation="90" />
    <pcbpin number="6" name="6" style="r47.5_30" originx="32.992125984252" originy="19.685039370078" rotation="90" />
    <line layer="TOP_PLACE_BOUND" originx="-48.228346456692" originy="39.370078740157" endx="48.228346456692" endy="39.370078740157" width="1.9685039370079" />
    <line layer="TOP_PLACE_BOUND" originx="48.228346456692" originy="39.370078740157" endx="48.228346456692" endy="-39.370078740157" width="1.9685039370079" />
    <line layer="TOP_PLACE_BOUND" originx="48.228346456692" originy="-39.370078740157" endx="-48.228346456692" endy="-39.370078740157" width="1.9685039370079" />
    <line layer="TOP_PLACE_BOUND" originx="-48.228346456692" originy="-39.370078740157" endx="-48.228346456692" endy="39.370078740157" width="1.9685039370079" />
    <line layer="TOP_ASSEMBLY" originx="-23.622047244094" originy="31.496062992126" endx="23.622047244094" endy="31.496062992126" width="3.9370078740157" />
    <line layer="TOP_ASSEMBLY" originx="23.622047244094" originy="31.496062992126" endx="23.622047244094" endy="-31.496062992126" width="3.9370078740157" />
    <line layer="TOP_ASSEMBLY" originx="23.622047244094" originy="-31.496062992126" endx="-23.622047244094" endy="-31.496062992126" width="3.9370078740157" />
    <line layer="TOP_ASSEMBLY" originx="-23.622047244094" originy="-31.496062992126" endx="-23.622047244094" endy="31.496062992126" width="3.9370078740157" />
    <line layer="TOP_ASSEMBLY" originx="-23.622047244094" originy="11.811023622047" endx="-3.9370078740157" endy="31.496062992126" width="3.9370078740157" />
    <line layer="TOP_SILKSCREEN" originx="-9.8425196850392" originy="31.496062992126" endx="9.8425196850392" endy="31.496062992126" width="7.8740157480314" />
    <line layer="TOP_SILKSCREEN" originx="9.8425196850392" originy="31.496062992126" endx="9.8425196850392" endy="-31.496062992126" width="7.8740157480314" />
    <line layer="TOP_SILKSCREEN" originx="9.8425196850392" originy="-31.496062992126" endx="-9.8425196850392" endy="-31.496062992126" width="7.8740157480314" />
    <line layer="TOP_SILKSCREEN" originx="-9.8425196850392" originy="-31.496062992126" endx="-9.8425196850392" endy="31.496062992126" width="7.8740157480314" />
    <line layer="TOP_SILKSCREEN" originx="-42.322834645669" originy="35.433070866141" endx="-23.622047244094" endy="35.433070866141" width="7.8740157480314" />
  </footprint>
  <symbol name="PESD5V0L5UV,115" originx="0" originy="0">
    <line originx="200" originy="100" endx="2200" endy="100" width="0" />
    <line originx="2200" originy="-300" endx="2200" endy="100" width="0" />
    <line originx="2200" originy="-300" endx="200" endy="-300" width="0" />
    <line originx="200" originy="100" endx="200" endy="-300" width="0" />
    <sympin number="1" originx="200" originy="0" rotation="180" length="100" width="7.8740157480315" flipped="False">
      <text name="pinname" originx="230" originy="0" style="Default" rotation="0" justify="left" flipped="False" hidden="False" data="CATHODE_(DIODE_1)" />
      <text name="pindes" originx="140" originy="20" style="Default" rotation="0" justify="lowerright" flipped="False" hidden="False" data="1" />
    </sympin>
    <sympin number="2" originx="200" originy="-100" rotation="180" length="100" width="7.8740157480315" flipped="False">
      <text name="pinname" originx="230" originy="-100" style="Default" rotation="0" justify="left" flipped="False" hidden="False" data="COMMON_ANODE" />
      <text name="pindes" originx="140" originy="-80" style="Default" rotation="0" justify="lowerright" flipped="False" hidden="False" data="2" />
    </sympin>
    <sympin number="3" originx="200" originy="-200" rotation="180" length="100" width="7.8740157480315" flipped="False">
      <text name="pinname" originx="230" originy="-200" style="Default" rotation="0" justify="left" flipped="False" hidden="False" data="CATHODE_(DIODE_2)" />
      <text name="pindes" originx="140" originy="-180" style="Default" rotation="0" justify="lowerright" flipped="False" hidden="False" data="3" />
    </sympin>
    <sympin number="4" originx="2200" originy="0" rotation="0" length="100" width="7.8740157480315" flipped="False">
      <text name="pinname" originx="2170" originy="0" style="Default" rotation="0" justify="right" flipped="False" hidden="False" data="CATHODE_(DIODE_3)" />
      <text name="pindes" originx="2260" originy="20" style="Default" rotation="0" justify="lowerleft" flipped="False" hidden="False" data="4" />
    </sympin>
    <sympin number="5" originx="2200" originy="-100" rotation="0" length="100" width="7.8740157480315" flipped="False">
      <text name="pinname" originx="2170" originy="-100" style="Default" rotation="0" justify="right" flipped="False" hidden="False" data="CATHODE_(DIODE_4)" />
      <text name="pindes" originx="2260" originy="-80" style="Default" rotation="0" justify="lowerleft" flipped="False" hidden="False" data="5" />
    </sympin>
    <sympin number="6" originx="2200" originy="-200" rotation="0" length="100" width="7.8740157480315" flipped="False">
      <text name="pinname" originx="2170" originy="-200" style="Default" rotation="0" justify="right" flipped="False" hidden="False" data="CATHODE_(DIODE_5)" />
      <text name="pindes" originx="2260" originy="-180" style="Default" rotation="0" justify="lowerleft" flipped="False" hidden="False" data="6" />
    </sympin>
  </symbol>
  <component name="PESD5V0L5UV,115" designatorprefix="D" height="23.622047244094" footprint="SOTFL50P160X60-6N">
    <comppin designator="1" sympin="1" pinswap="0" gateswap="0" gate="1" group="1" side="" type="Any" name="CATHODE_(DIODE_1)" />
    <comppin designator="2" sympin="2" pinswap="0" gateswap="0" gate="1" group="1" side="" type="Any" name="COMMON_ANODE" />
    <comppin designator="3" sympin="3" pinswap="0" gateswap="0" gate="1" group="1" side="" type="Any" name="CATHODE_(DIODE_2)" />
    <comppin designator="4" sympin="4" pinswap="0" gateswap="0" gate="1" group="1" side="" type="Any" name="CATHODE_(DIODE_3)" />
    <comppin designator="5" sympin="5" pinswap="0" gateswap="0" gate="1" group="1" side="" type="Any" name="CATHODE_(DIODE_4)" />
    <comppin designator="6" sympin="6" pinswap="0" gateswap="0" gate="1" group="1" side="" type="Any" name="CATHODE_(DIODE_5)" />
    <attached_symbol gate="1" name="PESD5V0L5UV,115" />
    <pinmap designator="1" footprintpin="1" />
    <pinmap designator="2" footprintpin="2" />
    <pinmap designator="3" footprintpin="3" />
    <pinmap designator="4" footprintpin="4" />
    <pinmap designator="5" footprintpin="5" />
    <pinmap designator="6" footprintpin="6" />
    <text name="Datasheet" originx="0" originy="0" style="Default" rotation="0" justify="" flipped="False" hidden="True" data="https://assets.nexperia.com/documents/data-sheet/PESDXL5UF_V_Y.pdf" />
    <text name="Description" originx="0" originy="0" style="Default" rotation="0" justify="" flipped="False" hidden="True" data="PESDxL5UF; PESDxL5UV; PESDxL5UY - Low capacitance unidirectional fivefold ESD protection diode arrays" />
    <text name="Manufacturer_Name" originx="0" originy="0" style="Default" rotation="0" justify="" flipped="False" hidden="True" data="Nexperia" />
    <text name="Manufacturer_Part_Number" originx="2250" originy="200" style="Default" rotation="0" justify="left" flipped="False" hidden="False" data="PESD5V0L5UV,115" />
    <text name="Mouser Part Number" originx="0" originy="0" style="Default" rotation="0" justify="" flipped="False" hidden="True" data="771-PESD5V0L5UV115" />
    <text name="Mouser Price/Stock" originx="0" originy="0" style="Default" rotation="0" justify="" flipped="False" hidden="True" data="https://www.mouser.co.uk/ProductDetail/Nexperia/PESD5V0L5UV115?qs=LOCUfHb8d9vqqkQzNCyfiw%3D%3D" />
    <text name="Arrow Part Number" originx="0" originy="0" style="Default" rotation="0" justify="" flipped="False" hidden="True" data="PESD5V0L5UV,115" />
    <text name="Arrow Price/Stock" originx="0" originy="0" style="Default" rotation="0" justify="" flipped="False" hidden="True" data="https://www.arrow.com/en/products/pesd5v0l5uv115/nexperia" />
  </component>
</quadcept_library>
